-- カテゴリ 8 件、商品 24 件、在庫 24 件の最小シード
-- パスワードを必要とするユーザーシードは cmd/seed で auth.Hash 経由で投入する

INSERT INTO categories (id, name, updated_at) VALUES
    (1, '食品', NOW(6)),
    (2, '家電', NOW(6)),
    (3, '書籍', NOW(6)),
    (4, '服飾', NOW(6)),
    (5, '日用品', NOW(6)),
    (6, '玩具', NOW(6)),
    (7, '文具', NOW(6)),
    (8, '楽器', NOW(6));

INSERT INTO products (id, category_id, name, price_yen, status, updated_at) VALUES
    (1, 1, 'コーヒー豆 200g', 1280, 'active', NOW(6)),
    (2, 1, '緑茶ティーバッグ 50個', 980, 'active', NOW(6)),
    (3, 1, 'ミネラルウォーター 2L x 6本', 690, 'active', NOW(6)),
    (4, 2, 'ワイヤレスイヤホン', 12800, 'active', NOW(6)),
    (5, 2, 'スマートウォッチ', 24800, 'active', NOW(6)),
    (6, 2, 'モバイルバッテリー 20000mAh', 4980, 'active', NOW(6)),
    (7, 3, '入門 Go プログラミング', 3300, 'active', NOW(6)),
    (8, 3, '実践 MySQL 運用', 4400, 'active', NOW(6)),
    (9, 3, 'HTMX クックブック', 2860, 'active', NOW(6)),
    (10, 4, '無地 T シャツ ホワイト', 1980, 'active', NOW(6)),
    (11, 4, 'デニムジャケット', 8800, 'active', NOW(6)),
    (12, 4, 'スニーカー グレー', 7980, 'active', NOW(6)),
    (13, 5, '洗濯洗剤 詰め替え', 480, 'active', NOW(6)),
    (14, 5, 'キッチンペーパー 6 ロール', 620, 'active', NOW(6)),
    (15, 5, '台所用スポンジ 3 個', 350, 'active', NOW(6)),
    (16, 6, '木製パズル', 2200, 'active', NOW(6)),
    (17, 6, 'ラジコンカー', 5800, 'active', NOW(6)),
    (18, 6, 'ぬいぐるみ クマ', 3200, 'active', NOW(6)),
    (19, 7, 'ノート A5 3 冊組', 580, 'active', NOW(6)),
    (20, 7, 'ボールペン 黒 5 本', 420, 'active', NOW(6)),
    (21, 7, '修正テープ', 280, 'active', NOW(6)),
    (22, 8, 'アコースティックギター', 32800, 'active', NOW(6)),
    (23, 8, 'キーボード 61 鍵', 18800, 'active', NOW(6)),
    (24, 8, 'カホン', 12800, 'active', NOW(6));

INSERT INTO inventory (product_id, stock, updated_at) VALUES
    (1, 100, NOW(6)), (2, 100, NOW(6)), (3, 100, NOW(6)),
    (4, 50, NOW(6)), (5, 30, NOW(6)), (6, 80, NOW(6)),
    (7, 40, NOW(6)), (8, 20, NOW(6)), (9, 60, NOW(6)),
    (10, 200, NOW(6)), (11, 30, NOW(6)), (12, 70, NOW(6)),
    (13, 500, NOW(6)), (14, 300, NOW(6)), (15, 600, NOW(6)),
    (16, 80, NOW(6)), (17, 25, NOW(6)), (18, 100, NOW(6)),
    (19, 250, NOW(6)), (20, 400, NOW(6)), (21, 350, NOW(6)),
    (22, 8, NOW(6)), (23, 12, NOW(6)), (24, 18, NOW(6));
